{
  "accuracy": 0.9903,
  "precision": 0.9903299028682979,
  "recall": 0.9903,
  "f1": 0.9902978432882721,
  "class_0_accuracy": 0.9979591836734694,
  "class_1_accuracy": 1.0,
  "class_2_accuracy": 0.9912790697674418,
  "class_3_accuracy": 0.9891089108910891,
  "class_4_accuracy": 0.9867617107942973,
  "class_5_accuracy": 0.9820627802690582,
  "class_6_accuracy": 0.988517745302714,
  "class_7_accuracy": 0.9854085603112841,
  "class_8_accuracy": 0.9928131416837782,
  "class_9_accuracy": 0.9871159563924677
}